SampNo.	SampSec	Day	Hour	Minute	Second
4.2652e+05	53.314	21	19	10	37
4.3462e+05	54.327	21	22	20	38
4.4271e+05	55.338	21	19	10	39
4.5081e+05	56.351	21	19	10	40
4.589e+05	57.362	21	19	10	41
4.6698e+05	58.373	21	19	10	42
4.7508e+05	59.385	21	19	10	43
4.8317e+05	60.396	21	22	21	44
4.9127e+05	61.408	21	22	20	45
4.9935e+05	62.418	21	22	20	46
5.0744e+05	63.43	21	19	10	47
5.1552e+05	64.441	21	19	10	48
5.2363e+05	65.454	21	19	10	49
5.3171e+05	66.464	21	19	10	50
5.398e+05	67.475	21	19	10	51
5.4789e+05	68.486	21	19	10	52
5.5598e+05	69.498	21	22	20	53
0	0	21	22	20	54
0	0	21	22	20	55
5.8025e+05	72.531	21	22	20	56
5.8833e+05	73.541	21	19	10	57
0	0	21	19	10	58
0	0	21	19	10	59
6.1261e+05	76.576	21	19	1	60
6.2068e+05	77.585	21	19	11	1
6.2877e+05	78.597	21	19	11	2
6.3687e+05	79.609	21	19	11	3
6.4496e+05	80.62	21	19	11	4
6.5305e+05	81.631	21	19	11	5
6.6113e+05	82.641	21	19	11	6
6.6922e+05	83.653	21	19	11	7
6.7731e+05	84.663	21	19	11	8
6.854e+05	85.675	21	19	11	9
6.9348e+05	86.685	21	19	11	10
7.0157e+05	87.697	21	19	11	11
7.0966e+05	88.708	21	19	11	12
7.1776e+05	89.719	21	19	11	13
7.2585e+05	90.731	21	19	11	14
7.3393e+05	91.741	21	19	11	15
7.4202e+05	92.753	21	19	11	16
7.5011e+05	93.764	21	19	11	17
7.5821e+05	94.776	21	9	11	18
7.6629e+05	95.786	21	19	11	19
7.7438e+05	96.798	21	19	11	20
7.8247e+05	97.809	21	19	11	21
7.9057e+05	98.822	21	19	11	22
7.9866e+05	99.832	21	19	11	23
8.0675e+05	100.84	21	19	11	24
8.1484e+05	101.85	21	19	11	25
8.2293e+05	102.87	21	19	11	26
8.3103e+05	103.88	21	19	11	27
8.3911e+05	104.89	21	19	11	28
8.472e+05	105.9	21	19	11	29
8.5529e+05	106.91	21	19	11	30
8.6339e+05	107.92	21	19	11	31
8.7147e+05	108.93	21	19	11	32
8.7956e+05	109.95	21	19	11	33
8.8765e+05	110.96	21	19	11	34
8.9575e+05	111.97	21	19	11	35
9.0385e+05	112.98	21	19	11	36
9.1194e+05	113.99	21	19	11	37
9.2004e+05	115	21	19	11	38
9.2812e+05	116.01	21	22	22	39
9.3622e+05	117.03	21	19	11	40
9.4431e+05	118.04	21	19	11	41
9.5241e+05	119.05	21	19	11	42
9.605e+05	120.06	21	19	11	43
9.6859e+05	121.07	21	19	11	44
9.7668e+05	122.09	21	19	11	45
9.8478e+05	123.1	21	19	11	46
9.9288e+05	124.11	21	19	11	47
1.001e+06	125.12	21	19	11	48
1.0091e+06	126.13	21	19	11	49
1.0172e+06	127.14	21	19	11	50
1.0253e+06	128.16	21	22	1	51
1.0334e+06	129.17	21	19	11	52
1.0414e+06	130.18	21	19	11	53
1.0495e+06	131.19	21	19	11	54
1.0576e+06	132.2	21	19	11	55
1.0657e+06	133.22	21	22	22	56
1.0738e+06	134.23	21	19	11	57
1.0819e+06	135.24	21	19	11	58
1.09e+06	136.25	21	19	11	59
1.0981e+06	137.26	21	19	12	0
1.1062e+06	138.28	21	19	12	1
1.1143e+06	139.29	21	19	12	2
1.1224e+06	140.3	21	19	12	3
1.1305e+06	141.31	21	19	12	4
1.1386e+06	142.32	21	19	12	5
1.1467e+06	143.33	21	19	12	6
1.1548e+06	144.35	21	19	12	7
1.1629e+06	145.36	21	19	12	8
1.171e+06	146.37	21	19	12	9
1.1791e+06	147.38	21	19	12	10
1.1872e+06	148.39	21	19	12	11
1.1952e+06	149.41	21	19	12	12
1.2034e+06	150.42	21	19	12	13
1.2114e+06	151.43	21	19	12	14
1.2195e+06	152.44	21	19	12	15
1.2276e+06	153.45	21	19	12	16
1.2357e+06	154.47	21	19	12	17
1.2438e+06	155.48	21	19	12	18
1.2519e+06	156.49	21	19	12	19
1.26e+06	157.5	21	19	12	20
1.2681e+06	158.51	21	19	12	21
1.2762e+06	159.52	21	19	12	22
1.2843e+06	160.54	21	19	12	23
1.2924e+06	161.55	21	19	12	24
1.3005e+06	162.56	21	19	12	25
1.3086e+06	163.57	21	19	12	26
1.3167e+06	164.58	21	19	12	27
1.3248e+06	165.6	21	19	12	28
1.3329e+06	166.61	21	19	12	29
1.341e+06	167.62	21	19	12	30
1.3491e+06	168.63	21	19	12	31
1.3571e+06	169.64	21	19	12	32
1.3652e+06	170.66	21	19	12	33
1.3733e+06	171.67	21	19	12	34
1.3814e+06	172.68	21	19	12	35
1.3895e+06	173.69	21	19	12	36
1.3976e+06	174.7	21	19	12	37
1.4057e+06	175.71	21	19	12	38
1.4138e+06	176.73	21	19	12	39
1.4219e+06	177.74	21	19	12	40
1.43e+06	178.75	21	19	12	41
1.4381e+06	179.76	21	19	12	42
1.4462e+06	180.77	21	19	12	43
1.4543e+06	181.78	21	19	12	44
1.4624e+06	182.8	21	19	12	45
1.4705e+06	183.81	21	19	12	46
1.4786e+06	184.82	21	19	12	47
1.4866e+06	185.83	21	19	12	48
1.4947e+06	186.84	21	19	12	49
0	0	21	19	12	50
0	0	21	19	12	51
1.519e+06	189.88	21	19	12	52
1.5271e+06	190.89	21	19	12	53
1.5352e+06	191.9	21	19	12	54
1.5433e+06	192.91	21	19	12	55
1.5514e+06	193.92	21	19	12	56
1.5595e+06	194.94	21	19	12	57
1.5676e+06	195.95	21	19	12	58
1.5757e+06	196.96	21	19	12	59
1.5838e+06	197.97	21	19	13	0
1.5919e+06	198.98	21	19	13	1
1.6e+06	199.99	21	19	13	2
1.608e+06	201.01	21	19	13	3
1.6161e+06	202.02	21	19	13	4
1.6242e+06	203.03	21	19	13	5
1.6323e+06	204.04	21	19	13	6
1.6404e+06	205.05	21	19	13	7
1.6485e+06	206.07	21	19	13	8
1.6566e+06	207.08	21	19	13	9
1.6647e+06	208.09	21	19	13	10
1.6728e+06	209.1	21	19	13	11
1.6809e+06	210.11	21	19	13	12
1.689e+06	211.12	21	19	13	13
1.6971e+06	212.14	21	19	13	14
1.7052e+06	213.15	21	19	13	15
1.7133e+06	214.16	21	19	13	16
1.7214e+06	215.17	21	19	13	17
1.7294e+06	216.18	21	19	13	18
1.7376e+06	217.19	21	19	13	19
1.7456e+06	218.21	21	19	13	20
1.7537e+06	219.22	21	19	13	21
1.7618e+06	220.23	21	19	13	22
1.7699e+06	221.24	21	19	13	23
1.778e+06	222.25	21	19	13	24
1.7861e+06	223.26	21	19	13	25
1.7942e+06	224.27	21	19	13	26
1.8023e+06	225.29	21	19	13	27
1.8104e+06	226.3	21	19	13	28
1.8185e+06	227.31	21	19	13	29
1.8266e+06	228.32	21	19	13	30
1.8347e+06	229.33	21	19	13	31
1.8428e+06	230.34	21	19	13	32
1.8508e+06	231.35	21	19	13	33
1.8589e+06	232.37	21	19	13	34
1.867e+06	233.38	21	19	13	35
1.8751e+06	234.39	21	19	13	36
1.8832e+06	235.4	21	19	13	37
1.8913e+06	236.42	21	19	13	38
1.8994e+06	237.43	21	19	13	39
1.9075e+06	238.44	21	19	13	40
1.9156e+06	239.45	21	19	13	41
1.9237e+06	240.46	21	19	13	42
1.9318e+06	241.48	21	19	13	43
1.9399e+06	242.49	21	19	13	44
1.948e+06	243.5	21	19	13	45
1.9561e+06	244.51	21	19	13	46
1.9642e+06	245.52	21	19	13	47
1.9723e+06	246.53	21	19	13	48
1.9804e+06	247.55	21	19	13	49
1.9884e+06	248.56	21	19	13	50
1.9965e+06	249.57	21	19	13	51
2.0046e+06	250.58	21	19	13	52
2.0127e+06	251.59	21	19	13	53
2.0208e+06	252.6	21	19	13	54
2.0289e+06	253.61	21	19	13	55
2.037e+06	254.62	21	19	13	56
2.0451e+06	255.63	21	19	13	57
2.0532e+06	256.65	21	19	13	58
2.0613e+06	257.66	21	19	13	59
2.0694e+06	258.67	21	19	14	0
2.0774e+06	259.68	21	19	14	1
2.0855e+06	260.69	21	19	14	2
2.0936e+06	261.7	21	19	14	3
2.1017e+06	262.71	21	19	14	4
2.1098e+06	263.73	21	19	14	5
2.1179e+06	264.74	21	19	14	6
2.126e+06	265.75	21	19	14	7
2.1341e+06	266.76	21	19	14	8
2.1422e+06	267.77	21	19	14	9
2.1503e+06	268.78	21	19	14	10
2.1584e+06	269.8	21	19	14	11
2.1664e+06	270.81	21	19	14	12
2.1745e+06	271.82	21	19	14	13
2.1826e+06	272.83	21	19	14	14
2.1907e+06	273.84	21	19	14	15
2.1988e+06	274.85	21	19	14	16
2.2069e+06	275.86	21	19	14	17
2.215e+06	276.87	21	19	14	18
2.2231e+06	277.88	21	19	14	19
2.2312e+06	278.9	21	19	14	20
2.2393e+06	279.91	21	19	14	21
2.2473e+06	280.92	21	19	14	22
2.2554e+06	281.93	21	19	14	23
2.2635e+06	282.94	21	19	14	24
2.2716e+06	283.95	21	19	14	25
2.2797e+06	284.96	21	19	14	26
2.2878e+06	285.97	21	19	14	27
2.2959e+06	286.98	21	19	14	28
2.304e+06	288	21	19	14	29
2.3121e+06	289.01	21	19	14	30
2.3202e+06	290.02	21	19	14	31
2.3282e+06	291.03	21	19	14	32
2.3363e+06	292.04	21	19	14	33
2.3444e+06	293.05	21	19	14	34
2.3525e+06	294.06	21	19	14	35
2.3606e+06	295.08	21	19	14	36
2.3687e+06	296.09	21	19	14	37
2.3768e+06	297.1	21	19	14	38
2.3849e+06	298.11	21	19	14	39
2.393e+06	299.12	21	19	14	40
2.401e+06	300.13	21	19	14	41
2.4091e+06	301.14	21	19	14	42
2.4172e+06	302.15	21	19	14	43
2.4253e+06	303.16	21	19	14	44
2.4334e+06	304.17	21	19	14	45
2.4415e+06	305.19	21	19	14	46
2.4496e+06	306.2	21	19	14	47
2.4577e+06	307.21	21	19	14	48
2.4658e+06	308.22	21	19	14	49
2.4738e+06	309.23	21	19	14	50
2.4819e+06	310.24	21	19	14	51
2.49e+06	311.25	21	19	14	52
2.4981e+06	312.26	21	19	14	53
2.5062e+06	313.27	21	19	14	54
2.5143e+06	314.29	21	19	14	55
2.5224e+06	315.3	21	19	14	56
2.5305e+06	316.31	21	19	14	57
2.5385e+06	317.32	21	19	14	58
2.5466e+06	318.33	21	19	14	59
2.5547e+06	319.34	21	19	15	0
2.5628e+06	320.35	21	19	15	1
2.5709e+06	321.36	21	19	15	2
2.579e+06	322.37	21	19	15	3
2.5870e+06	323.38	21	19	15	4
2.5951e+06	324.39	21	19	15	5
2.6032e+06	325.4	21	19	15	6
2.6113e+06	326.41	21	19	15	7
2.6194e+06	327.42	21	19	15	8
2.6275e+06	328.44	21	22	21	9
2.6356e+06	329.45	21	19	15	10
2.6437e+06	330.46	21	19	15	11
2.6517e+06	331.47	21	19	15	12
2.6598e+06	332.48	21	19	15	13
2.6679e+06	333.49	21	19	15	14
2.676e+06	334.5	21	19	15	15
2.6841e+06	335.51	21	19	15	16
2.6922e+06	336.52	21	19	15	17
2.7003e+06	337.54	21	19	15	18
2.7084e+06	338.55	21	19	15	19
2.7165e+06	339.56	21	19	15	20
2.7245e+06	340.57	21	19	15	21
2.7326e+06	341.58	21	19	15	22
2.7407e+06	342.59	21	19	15	23
2.7488e+06	343.6	21	19	15	24
2.7569e+06	344.61	21	19	15	25
2.765e+06	345.62	21	19	15	26
2.7731e+06	346.63	21	19	15	27
2.7812e+06	347.65	21	19	15	28
2.7893e+06	348.66	21	19	15	29
2.7973e+06	349.67	21	19	15	30
2.8054e+06	350.68	21	19	15	31
2.8135e+06	351.69	21	22	31	32
2.8216e+06	352.7	21	19	15	33
2.8297e+06	353.71	21	19	15	34
2.8378e+06	354.72	21	19	15	35
2.8459e+06	355.73	21	19	15	36
2.854e+06	356.74	21	19	15	37
2.862e+06	357.76	21	19	15	38
2.8701e+06	358.77	21	19	15	39
2.8782e+06	359.78	21	19	15	40
2.8863e+06	360.79	21	19	15	41
2.8944e+06	361.8	21	19	15	42
2.9025e+06	362.81	21	19	15	43
2.9106e+06	363.82	21	19	15	44
2.9187e+06	364.83	21	19	15	45
2.9268e+06	365.84	21	19	15	46
2.9348e+06	366.86	21	19	15	47
2.9429e+06	367.87	21	19	15	48
2.951e+06	368.88	21	19	15	49
2.9591e+06	369.89	21	19	15	50
2.9672e+06	370.9	21	19	15	51
2.9753e+06	371.91	21	19	15	52
2.9834e+06	372.92	21	19	15	53
2.9915e+06	373.93	21	19	15	54
2.9995e+06	374.94	21	19	15	55
3.0076e+06	375.95	21	19	15	56
3.0157e+06	376.97	21	19	15	57
3.0238e+06	377.98	21	19	15	58
3.0319e+06	378.99	21	19	15	59
3.04e+06	380	21	19	16	0
3.0481e+06	381.01	21	19	16	1
3.0562e+06	382.02	21	19	16	2
3.0643e+06	383.03	21	19	16	3
3.0724e+06	384.04	21	19	16	4
3.0804e+06	385.05	21	19	16	5
3.0885e+06	386.07	21	19	16	6
3.0966e+06	387.08	21	19	16	7
3.1047e+06	388.09	21	19	16	8
3.1128e+06	389.1	21	19	16	9
3.1209e+06	390.11	21	19	16	10
3.129e+06	391.12	21	19	16	11
3.137e+06	392.13	21	19	16	12
3.1451e+06	393.14	21	19	16	13
3.1532e+06	394.15	21	19	16	14
3.1613e+06	395.16	21	19	16	15
3.1694e+06	396.17	21	19	16	16
3.1775e+06	397.19	21	19	16	17
3.1856e+06	398.2	21	19	16	18
3.1937e+06	399.21	21	19	16	19
3.2017e+06	400.22	21	19	16	20
3.2098e+06	401.23	21	19	16	21
3.2179e+06	402.24	21	19	16	22
3.226e+06	403.25	21	19	16	23
3.2341e+06	404.26	21	19	16	24
3.2422e+06	405.27	21	19	16	25
3.2503e+06	406.29	21	19	16	26
3.2584e+06	407.3	21	19	16	27
3.2665e+06	408.31	21	19	16	28
3.2745e+06	409.32	21	19	16	29
3.2826e+06	410.33	21	19	16	30
3.2907e+06	411.34	21	19	16	31
3.2988e+06	412.35	21	19	16	32
3.3069e+06	413.36	21	22	22	33
3.315e+06	414.37	21	19	16	34
3.3231e+06	415.38	21	19	16	35
3.3312e+06	416.4	21	19	16	36
3.3393e+06	417.41	21	19	16	37
3.3473e+06	418.42	21	19	16	38
3.3554e+06	419.43	21	19	16	39
3.3635e+06	420.44	21	19	16	40
3.3716e+06	421.45	21	19	16	41
3.3797e+06	422.46	21	19	16	42
3.3878e+06	423.48	21	19	16	43
3.3959e+06	424.49	21	19	16	44
3.404e+06	425.5	21	19	16	45
3.4121e+06	426.51	21	19	16	46
3.4202e+06	427.52	21	19	16	47
3.4283e+06	428.53	21	19	16	48
3.4363e+06	429.54	21	19	16	49
3.4444e+06	430.55	21	19	16	50
3.4525e+06	431.56	21	19	16	51
3.4606e+06	432.58	21	19	16	52
3.4687e+06	433.59	21	19	16	53
3.4768e+06	434.6	21	19	16	54
3.4849e+06	435.61	21	19	16	55
3.493e+06	436.62	21	19	16	56
3.5011e+06	437.63	21	19	16	57
3.5091e+06	438.64	21	19	16	58
3.5172e+06	439.66	21	19	16	59
3.5253e+06	440.67	21	19	17	0
3.5334e+06	441.68	21	19	17	1
3.5415e+06	442.69	21	19	17	2
3.5496e+06	443.7	21	19	17	3
3.5577e+06	444.71	21	19	17	4
3.5658e+06	445.72	21	19	17	5
3.5739e+06	446.73	21	19	17	6
3.582e+06	447.74	21	19	17	7
3.59e+06	448.76	21	19	17	8
3.5981e+06	449.77	21	19	17	9
3.6062e+06	450.78	21	19	17	10
3.6143e+06	451.79	21	19	17	11
3.6224e+06	452.8	21	19	17	12
3.6305e+06	453.81	21	19	17	13
3.6386e+06	454.82	21	19	17	14
3.6467e+06	455.83	21	19	17	15
3.6548e+06	456.84	21	19	17	16
3.6628e+06	457.86	21	19	17	17
3.6709e+06	458.87	21	19	17	18
3.679e+06	459.88	21	19	17	19
3.6871e+06	460.89	21	19	17	20
3.6952e+06	461.9	21	19	17	21
3.7033e+06	462.91	21	19	17	22
3.7114e+06	463.92	21	19	17	23
3.7195e+06	464.93	21	19	17	24
3.7275e+06	465.94	21	17	33	25
3.7356e+06	466.95	21	19	17	26
3.7437e+06	467.97	21	19	17	27
3.7518e+06	468.98	21	19	17	28
3.7599e+06	469.99	21	19	17	29
3.768e+06	471	21	19	17	30
3.7761e+06	472.01	21	19	17	31
3.7842e+06	473.02	21	19	17	32
3.7923e+06	474.03	21	19	17	33
3.8004e+06	475.05	21	19	17	34
3.8085e+06	476.06	21	19	17	35
3.8166e+06	477.07	21	19	17	36
3.8246e+06	478.08	21	19	17	37
3.8327e+06	479.09	21	19	17	38
3.8408e+06	480.1	21	19	17	39
3.8489e+06	481.11	21	19	17	40
3.857e+06	482.13	21	19	17	41
3.8651e+06	483.14	21	19	17	42
3.8732e+06	484.15	21	19	17	43
3.8813e+06	485.16	21	19	17	44
3.8894e+06	486.17	21	19	17	45
3.8974e+06	487.18	21	19	17	46
3.9055e+06	488.19	21	19	17	47
3.9136e+06	489.2	21	19	17	48
3.9217e+06	490.21	21	19	17	49
3.9298e+06	491.22	21	19	17	50
3.9379e+06	492.24	21	19	17	51
3.946e+06	493.25	21	19	17	52
3.9541e+06	494.26	21	19	17	53
3.9622e+06	495.27	21	19	17	54
3.9702e+06	496.28	21	19	17	55
3.9783e+06	497.29	21	19	17	56
3.9864e+06	498.3	21	19	17	57
3.9945e+06	499.31	21	19	17	58
4.0026e+06	500.32	21	19	17	59
4.0107e+06	501.33	21	19	18	0
4.0188e+06	502.35	21	19	18	1
4.0269e+06	503.36	21	19	18	2
4.0349e+06	504.37	21	19	18	3
4.043e+06	505.38	21	19	18	4
4.0511e+06	506.39	21	19	18	5
4.0592e+06	507.4	21	19	18	6
4.0673e+06	508.42	21	19	18	7
4.0754e+06	509.43	21	19	18	8
4.0835e+06	510.44	21	19	18	9
4.0916e+06	511.45	21	19	18	10
4.0997e+06	512.46	21	19	18	11
4.1078e+06	513.47	21	19	18	12
4.1159e+06	514.48	21	19	18	13
4.1239e+06	515.49	21	19	18	14
4.132e+06	516.5	21	19	18	15
4.1401e+06	517.51	21	19	18	16
4.1482e+06	518.52	21	19	18	17
4.1563e+06	519.54	21	19	18	18
4.1644e+06	520.55	21	19	18	19
4.1725e+06	521.56	21	19	18	20
4.1805e+06	522.57	21	19	18	21
4.1886e+06	523.58	21	19	18	22
4.1967e+06	524.59	21	19	18	23
4.2048e+06	525.6	21	19	18	24
4.2129e+06	526.61	21	19	18	25
4.221e+06	527.62	21	19	18	26
4.2291e+06	528.64	21	19	18	27
4.2372e+06	529.65	21	19	18	28
4.2453e+06	530.66	21	19	18	29
4.2534e+06	531.67	21	19	18	30
4.2614e+06	532.68	21	19	18	31
4.2695e+06	533.69	21	19	18	32
4.2776e+06	534.7	21	19	18	33
4.2857e+06	535.71	21	19	18	34
4.2938e+06	536.73	21	19	18	35
4.3019e+06	537.74	21	19	18	36
4.31e+06	538.75	21	19	18	37
4.3181e+06	539.76	21	19	18	38
4.3262e+06	540.77	21	19	18	39
4.3343e+06	541.78	21	19	18	40
4.3424e+06	542.8	21	19	18	41
4.3505e+06	543.81	21	19	18	42
4.3585e+06	544.82	21	19	18	43
4.3666e+06	545.83	21	19	18	44
4.3747e+06	546.84	21	19	18	45
4.3828e+06	547.85	21	19	18	46
4.3909e+06	548.86	21	19	18	47
4.399e+06	549.88	21	19	18	48
4.4071e+06	550.89	21	19	18	49
4.4152e+06	551.9	21	19	18	50
4.4233e+06	552.91	21	19	18	51
4.4314e+06	553.92	21	19	18	52
4.4395e+06	554.93	21	19	18	53
4.4476e+06	555.94	21	19	18	54
4.4556e+06	556.96	21	19	18	55
4.4637e+06	557.97	21	19	18	56
4.4718e+06	558.98	21	19	18	57
4.4799e+06	559.99	21	19	18	58
4.488e+06	561	21	19	18	59
4.4961e+06	562.01	21	19	19	0
4.5042e+06	563.02	21	19	19	1
4.5123e+06	564.04	21	19	19	2
4.5204e+06	565.05	21	19	19	3
4.5285e+06	566.06	21	19	19	4
4.5365e+06	567.07	21	19	19	5
4.5446e+06	568.08	21	19	19	6
4.5527e+06	569.09	21	19	19	7
4.5608e+06	570.1	21	19	19	8
4.5689e+06	571.12	21	19	19	9
4.577e+06	572.13	21	19	19	10
4.5851e+06	573.14	21	19	19	11
4.5932e+06	574.15	21	19	19	12
4.6013e+06	575.16	21	19	19	13
4.6094e+06	576.17	21	19	19	14
4.6175e+06	577.18	21	19	19	15
4.6255e+06	578.19	21	19	19	16
4.6336e+06	579.21	21	19	19	17
4.6417e+06	580.22	21	19	19	18
4.6498e+06	581.23	21	19	19	19
4.6579e+06	582.24	21	19	19	20
4.666e+06	583.25	21	19	19	21
4.6741e+06	584.26	21	19	19	22
4.6822e+06	585.27	21	19	19	23
4.6903e+06	586.28	21	19	19	24
4.6984e+06	587.29	21	19	19	25
4.7065e+06	588.31	21	22	21	26
4.7145e+06	589.32	21	19	19	27
4.7226e+06	590.33	21	19	19	28
4.7307e+06	591.34	21	19	19	29
4.7388e+06	592.35	21	19	19	30
4.7469e+06	593.36	21	19	19	31
4.755e+06	594.37	21	19	19	32
4.7631e+06	595.38	21	19	19	33
4.7712e+06	596.4	21	19	19	34
4.7793e+06	597.41	21	19	19	35
4.7874e+06	598.42	21	19	19	36
4.7955e+06	599.43	21	19	19	37
4.8035e+06	600.44	21	19	19	38
4.8116e+06	601.45	21	19	19	39
4.8197e+06	602.47	21	19	19	40
4.8278e+06	603.48	21	19	19	41
4.8359e+06	604.49	21	19	19	42
4.844e+06	605.5	21	19	19	43
4.8521e+06	606.51	21	19	19	44
4.8602e+06	607.52	21	19	19	45
4.8683e+06	608.53	21	19	19	46
4.8763e+06	609.54	21	19	19	47
4.8844e+06	610.56	21	19	19	48
4.8925e+06	611.57	21	19	19	49
4.9006e+06	612.58	21	19	19	50
4.9087e+06	613.59	21	19	19	51
4.9168e+06	614.6	21	19	19	52
4.9249e+06	615.61	21	19	19	53
4.933e+06	616.63	21	19	19	54
4.9411e+06	617.64	21	19	19	55
4.9492e+06	618.65	21	19	19	56
4.9573e+06	619.66	21	19	19	57
4.9654e+06	620.67	21	19	19	58
4.9735e+06	621.68	21	19	19	59
4.9815e+06	622.69	21	19	20	0
4.9896e+06	623.7	21	19	20	1
4.9977e+06	624.72	21	19	20	2
5.0058e+06	625.73	21	19	20	3
5.0139e+06	626.74	21	19	20	4
5.022e+06	627.75	21	19	20	5
5.0301e+06	628.76	21	19	20	6
5.0382e+06	629.77	21	19	20	7
5.0463e+06	630.79	21	19	20	8
5.0544e+06	631.8	21	19	20	9
5.0625e+06	632.81	21	19	20	10
5.0706e+06	633.82	21	19	20	11
5.0787e+06	634.83	21	19	20	12
5.0868e+06	635.85	21	19	20	13
5.0949e+06	636.86	21	19	20	14
5.1029e+06	637.87	21	19	20	15
5.111e+06	638.88	21	19	20	16
5.1191e+06	639.89	21	19	20	17
5.1272e+06	640.9	21	19	20	18
5.1353e+06	641.91	21	19	20	19
5.1434e+06	642.92	21	19	20	20
5.1515e+06	643.94	21	19	20	21
5.1596e+06	644.95	21	19	20	22
5.1677e+06	645.96	21	19	20	23
5.1758e+06	646.97	21	19	20	24
5.1839e+06	647.98	21	19	20	25
5.192e+06	648.99	21	19	20	26
5.2e+06	650.01	21	22	40	27
5.2081e+06	651.02	21	19	20	28
5.2162e+06	652.03	21	19	20	29
5.2243e+06	653.04	21	19	20	30
5.2324e+06	654.05	21	19	20	31
5.2405e+06	655.06	21	19	20	32
5.2486e+06	656.07	21	19	20	33
5.2567e+06	657.08	21	19	20	34
5.2648e+06	658.09	21	19	20	35
5.2729e+06	659.11	21	19	20	36
5.2809e+06	660.12	21	19	20	37
5.289e+06	661.13	21	19	20	38
5.2971e+06	662.14	21	19	20	39
5.3052e+06	663.15	21	19	20	40
5.3133e+06	664.16	21	19	20	41
5.3214e+06	665.18	21	19	20	42
5.3295e+06	666.19	21	19	20	43
5.3376e+06	667.2	21	19	20	44
5.3457e+06	668.21	21	19	20	45
5.3538e+06	669.22	21	19	20	46
5.3619e+06	670.24	21	19	20	47
5.37e+06	671.25	21	22	20	48
5.3781e+06	672.26	21	19	20	49
5.3862e+06	673.27	21	19	20	50
5.3943e+06	674.28	21	19	20	51
5.4023e+06	675.29	21	19	20	52
5.4104e+06	676.3	21	19	20	53
5.4185e+06	677.32	21	19	20	54
5.4266e+06	678.33	21	19	20	55
5.4347e+06	679.34	21	19	20	56
5.4428e+06	680.35	21	19	20	57
5.4509e+06	681.36	21	19	20	58
5.459e+06	682.37	21	19	20	59
5.4671e+06	683.39	21	19	21	0
5.4752e+06	684.4	21	19	21	1
5.4833e+06	685.41	21	19	21	2
5.4914e+06	686.42	21	19	21	3
5.4994e+06	687.43	21	19	21	4
5.5075e+06	688.44	21	19	21	5
5.5156e+06	689.45	21	19	21	6
5.5237e+06	690.47	21	19	21	7
5.5318e+06	691.48	21	19	21	8
5.5399e+06	692.49	21	19	21	9
5.548e+06	693.5	21	19	21	10
5.5561e+06	694.51	21	19	21	11
5.5642e+06	695.52	21	19	21	12
5.5723e+06	696.53	21	19	21	13
5.5804e+06	697.54	21	19	21	14
5.5885e+06	698.56	21	19	21	15
5.5966e+06	699.57	21	19	21	16
5.6046e+06	700.58	21	19	21	17
5.6127e+06	701.59	21	19	21	18
5.6208e+06	702.6	21	19	21	19
5.6289e+06	703.62	21	19	21	20
5.637e+06	704.63	21	19	21	21
5.6451e+06	705.64	21	19	21	22
5.6532e+06	706.65	21	19	21	23
5.6613e+06	707.66	21	19	21	24
5.6694e+06	708.67	21	19	21	25
5.6775e+06	709.68	21	19	21	26
5.6856e+06	710.7	21	19	21	27
5.6936e+06	711.71	21	19	21	28
5.7018e+06	712.72	21	19	21	29
5.7098e+06	713.73	21	19	21	30
5.7179e+06	714.74	21	19	21	31
5.726e+06	715.75	21	19	21	32
5.7341e+06	716.77	21	19	21	33
5.7422e+06	717.78	21	19	21	34
5.7503e+06	718.79	21	19	21	35
5.7584e+06	719.8	21	19	21	36
5.7665e+06	720.81	21	19	21	37
5.7746e+06	721.83	21	19	21	38
5.7827e+06	722.84	21	19	21	39
5.7908e+06	723.85	21	19	21	40
5.7989e+06	724.86	21	19	21	41
5.807e+06	725.87	21	19	21	42
5.8151e+06	726.88	21	19	21	43
5.8232e+06	727.9	21	19	21	44
5.8313e+06	728.91	21	19	21	45
5.8394e+06	729.92	21	19	21	46
5.8475e+06	730.93	21	19	21	47
5.8555e+06	731.94	21	19	21	48
5.8636e+06	732.96	21	19	21	49
5.8717e+06	733.97	21	19	21	50
5.8798e+06	734.98	21	19	21	51
5.8879e+06	735.99	21	19	21	52
5.896e+06	737	21	19	21	53
5.9041e+06	738.01	21	19	21	54
5.9122e+06	739.03	21	19	21	55
5.9203e+06	740.04	21	19	21	56
5.9284e+06	741.05	21	19	21	57
5.9365e+06	742.07	21	19	21	58
5.9446e+06	743.08	21	19	21	59
5.9527e+06	744.09	21	19	22	0
5.9608e+06	745.1	21	19	22	1
5.9689e+06	746.11	21	19	22	2
5.977e+06	747.12	21	19	22	3
5.9851e+06	748.14	21	19	22	4
5.9932e+06	749.15	21	19	22	5
6.0013e+06	750.16	21	19	22	6
6.0094e+06	751.17	21	19	22	7
6.0175e+06	752.18	21	19	22	8
6.0256e+06	753.2	21	19	22	9
6.0337e+06	754.21	21	19	22	10
6.0418e+06	755.22	21	19	22	11
6.0499e+06	756.23	21	19	22	12
6.058e+06	757.25	21	19	22	13
6.066e+06	758.26	21	19	22	14
6.0741e+06	759.27	21	19	22	15
6.0822e+06	760.28	21	19	22	16
6.0903e+06	761.29	21	19	22	17
6.0984e+06	762.3	21	19	22	18
6.1065e+06	763.31	21	19	22	19
6.1146e+06	764.33	21	19	22	20
6.1227e+06	765.34	21	19	22	21
6.1308e+06	766.35	21	19	22	22
6.1389e+06	767.36	21	19	22	23
6.147e+06	768.38	21	19	22	24
6.1551e+06	769.39	21	19	22	25
6.1632e+06	770.4	21	19	22	26
6.1713e+06	771.41	21	19	22	27
6.1794e+06	772.42	21	19	22	28
6.1875e+06	773.43	21	19	22	29
6.1956e+06	774.45	21	19	22	30
6.2037e+06	775.46	21	19	22	31
6.2118e+06	776.47	21	19	22	32
6.2199e+06	777.48	21	19	22	33
6.2279e+06	778.49	21	19	22	34
6.236e+06	779.51	21	19	22	35
6.2441e+06	780.52	21	19	22	36
6.2522e+06	781.53	21	19	22	37
6.2603e+06	782.54	21	19	22	38
6.2684e+06	783.55	21	19	22	39
6.2765e+06	784.56	21	19	22	40
6.2846e+06	785.58	21	19	22	41
6.2927e+06	786.59	21	19	22	42
6.3008e+06	787.6	21	19	22	43
6.3089e+06	788.61	21	19	22	44
6.317e+06	789.62	21	19	22	45
6.3251e+06	790.64	21	19	22	46
6.3332e+06	791.65	21	14	10	47
6.3413e+06	792.66	21	19	22	48
6.3494e+06	793.67	21	19	22	49
6.3575e+06	794.68	21	19	22	50
6.3656e+06	795.7	21	19	22	51
6.3737e+06	796.71	21	19	22	52
6.3818e+06	797.72	21	19	22	53
6.3899e+06	798.73	21	19	22	54
6.3979e+06	799.74	21	19	22	55
6.406e+06	800.76	21	19	22	56
6.4142e+06	801.77	21	19	22	57
6.4222e+06	802.78	21	19	22	58
6.4303e+06	803.79	21	19	22	59
6.4384e+06	804.8	21	19	23	0
6.4465e+06	805.82	21	19	23	1
6.4546e+06	806.83	21	19	23	2
6.4627e+06	807.84	21	19	23	3
6.4708e+06	808.85	21	19	23	4
6.4789e+06	809.87	21	19	23	5
6.487e+06	810.88	21	19	23	6
6.4951e+06	811.89	21	19	23	7
0	0	21	19	23	8
0	0	21	19	23	9
6.5194e+06	814.92	21	19	23	10
6.5275e+06	815.94	21	19	23	11
6.5356e+06	816.95	21	19	23	12
6.5437e+06	817.96	21	19	23	13
6.5518e+06	818.97	21	19	23	14
6.5599e+06	819.98	21	19	23	15
6.568e+06	820.99	21	19	23	16
6.5761e+06	822.01	21	19	23	17
6.5842e+06	823.02	21	19	23	18
6.5923e+06	824.03	21	19	23	19
6.6003e+06	825.04	21	19	23	20
6.6084e+06	826.05	21	19	23	21
6.6165e+06	827.07	21	19	23	22
6.6246e+06	828.08	21	19	23	23
6.6327e+06	829.09	21	19	23	24
6.6408e+06	830.1	21	19	23	25
6.6489e+06	831.11	21	19	23	26
6.657e+06	832.12	21	19	23	27
6.6651e+06	833.14	21	19	23	28
6.6732e+06	834.15	21	19	23	29
6.6813e+06	835.16	21	19	23	30
6.6894e+06	836.17	21	19	23	31
6.6975e+06	837.18	21	19	23	32
6.7056e+06	838.2	21	19	23	33
6.7137e+06	839.21	21	19	23	34
6.7218e+06	840.22	21	19	23	35
6.7299e+06	841.23	21	19	23	36
6.738e+06	842.24	21	19	23	37
6.746e+06	843.26	21	19	23	38
6.7542e+06	844.27	21	19	23	39
6.7622e+06	845.28	21	19	23	40
6.7703e+06	846.29	21	19	23	41
6.7784e+06	847.3	21	19	23	42
6.7865e+06	848.31	21	19	23	43
6.7946e+06	849.33	21	19	23	44
6.8027e+06	850.34	21	19	23	45
6.8108e+06	851.35	21	19	23	46
6.8189e+06	852.36	21	19	23	47
6.827e+06	853.37	21	19	23	48
6.8351e+06	854.38	21	19	23	49
6.8432e+06	855.4	21	19	23	50
6.8513e+06	856.41	21	19	23	51
6.8594e+06	857.42	21	19	23	52
6.8674e+06	858.43	21	19	23	53
6.8756e+06	859.44	21	19	23	54
6.8836e+06	860.45	21	19	23	55
6.8917e+06	861.47	21	19	23	56
0	0	21	19	23	57
0	0	21	19	23	58
6.916e+06	864.5	21	19	23	59
6.9241e+06	865.51	21	19	24	0
6.9322e+06	866.52	21	19	24	1
6.9403e+06	867.53	21	19	24	2
6.9484e+06	868.54	21	19	24	3
6.9564e+06	869.56	21	19	24	4
6.9645e+06	870.57	21	19	24	5
6.9726e+06	871.58	21	19	24	6
6.9807e+06	872.59	21	19	24	7
6.9888e+06	873.6	21	19	24	8
6.9969e+06	874.61	21	19	24	9
7.005e+06	875.62	21	19	24	10
7.0131e+06	876.64	21	19	24	11
7.0212e+06	877.65	21	19	24	12
7.0293e+06	878.66	21	19	24	13
7.0374e+06	879.67	21	19	24	14
7.0455e+06	880.68	21	19	24	15
7.0535e+06	881.69	21	19	24	16
7.0616e+06	882.7	21	19	24	17
7.0697e+06	883.72	21	19	24	18
7.0778e+06	884.73	21	19	24	19
7.0859e+06	885.74	21	19	24	20
7.094e+06	886.75	21	19	24	21
7.1021e+06	887.76	21	19	24	22
7.1102e+06	888.77	21	19	24	23
7.1182e+06	889.78	21	19	24	24
7.1263e+06	890.79	21	19	24	25
7.1344e+06	891.8	21	19	24	26
7.1425e+06	892.82	21	19	24	27
7.1506e+06	893.83	21	19	24	28
7.1587e+06	894.84	21	19	24	29
7.1668e+06	895.85	21	19	24	30
7.1749e+06	896.86	21	19	24	31
7.183e+06	897.87	21	19	24	32
7.191e+06	898.88	21	19	24	33
7.1991e+06	899.89	21	19	24	34
7.2072e+06	900.9	21	19	24	35
7.2153e+06	901.92	21	19	24	36
7.2234e+06	902.92	21	19	24	37
7.2315e+06	903.94	21	19	24	38
7.2396e+06	904.95	21	19	24	39
7.2477e+06	905.96	21	19	24	40
7.2557e+06	906.97	21	19	24	41
7.2638e+06	907.98	21	19	24	42
7.2719e+06	908.99	21	19	24	43
7.28e+06	910	21	19	24	44
7.2881e+06	911.01	21	19	24	45
7.2962e+06	912.03	21	19	24	46
7.3043e+06	913.04	21	19	24	47
7.3124e+06	914.05	21	19	24	48
7.3205e+06	915.06	21	19	24	49
7.3286e+06	916.07	21	19	24	50
7.3367e+06	917.08	21	19	24	51
7.3447e+06	918.09	21	19	24	52
7.3528e+06	919.11	21	19	24	53
7.3609e+06	920.12	21	19	24	54
7.369e+06	921.13	21	19	24	55
7.3771e+06	922.14	21	19	24	56
7.3852e+06	923.15	21	19	24	57
7.3933e+06	924.16	21	19	24	58
7.4014e+06	925.17	21	19	24	59
7.4095e+06	926.18	21	19	25	0
7.4175e+06	927.19	21	19	25	1
7.4256e+06	928.2	21	19	25	2
7.4337e+06	929.22	21	19	25	3
7.4418e+06	930.23	21	19	25	4
7.4499e+06	931.24	21	19	25	5
7.458e+06	932.25	21	19	25	6
7.4661e+06	933.26	21	19	25	7
7.4742e+06	934.27	21	19	25	8
7.4823e+06	935.28	21	19	25	9
7.4904e+06	936.3	21	19	25	10
7.4985e+06	937.31	21	19	25	11
7.5065e+06	938.32	21	19	25	12
7.5146e+06	939.33	21	19	25	13
7.5227e+06	940.34	21	19	25	14
7.5308e+06	941.35	21	19	25	15
7.5389e+06	942.36	21	19	25	16
7.547e+06	943.37	21	19	25	17
7.5551e+06	944.39	21	19	25	18
7.5632e+06	945.4	21	19	25	19
7.5713e+06	946.41	21	19	25	20
7.5793e+06	947.42	21	19	25	21
7.5875e+06	948.43	21	19	25	22
7.5955e+06	949.44	21	19	25	23
7.6036e+06	950.45	21	19	25	24
7.6117e+06	951.46	21	19	25	25
7.6198e+06	952.48	21	19	25	26
7.6279e+06	953.49	21	19	25	27
7.636e+06	954.5	21	19	25	28
7.6441e+06	955.51	21	19	25	29
7.6522e+06	956.52	21	19	25	30
7.6603e+06	957.53	21	19	25	31
7.6683e+06	958.54	21	19	25	32
7.6764e+06	959.56	21	19	25	33
7.6845e+06	960.57	21	19	25	34
7.6926e+06	961.58	21	19	25	35
7.7007e+06	962.59	21	19	25	36
7.7088e+06	963.6	21	19	25	37
7.7169e+06	964.61	21	9	25	38
7.725e+06	965.62	21	19	25	39
7.7331e+06	966.64	21	19	25	40
7.7412e+06	967.65	21	19	25	41
7.7493e+06	968.66	21	19	25	42
7.7574e+06	969.67	21	19	25	43
7.7655e+06	970.68	21	19	25	44
7.7736e+06	971.69	21	19	25	45
7.7817e+06	972.71	21	19	25	46
7.7898e+06	973.72	21	19	25	47
7.7979e+06	974.73	21	19	25	48
7.8059e+06	975.74	21	19	25	49
7.814e+06	976.75	21	19	25	50
7.8221e+06	977.77	21	19	25	51
7.8302e+06	978.78	21	19	25	52
7.8383e+06	979.79	21	19	25	53
7.8464e+06	980.8	21	19	25	54
7.8545e+06	981.81	21	19	25	55
7.8626e+06	982.83	21	19	25	56
7.8707e+06	983.84	21	19	25	57
7.8788e+06	984.85	21	19	25	58
7.8869e+06	985.86	21	19	25	59
7.895e+06	986.87	21	19	26	0
7.9031e+06	987.89	21	19	26	1
7.9112e+06	988.9	21	19	26	2
7.9193e+06	989.91	21	19	26	3
7.9274e+06	990.92	21	19	26	4
7.9355e+06	991.93	21	19	26	5
7.9436e+06	992.95	21	19	26	6
7.9517e+06	993.96	21	19	26	7
7.9598e+06	994.97	21	19	26	8
7.9679e+06	995.98	21	19	26	9
7.976e+06	996.99	21	19	26	10
7.9841e+06	998.01	21	19	26	11
7.9921e+06	999.02	21	19	26	12
8.0002e+06	1000	21	19	26	13
8.0083e+06	1001	21	19	26	14
8.0164e+06	1002.1	21	19	26	15
8.0245e+06	1003.1	21	19	26	16
8.0326e+06	1004.1	21	19	26	17
8.0407e+06	1005.1	21	19	26	18
8.0488e+06	1006.1	21	19	26	19
8.0569e+06	1007.1	21	19	26	20
8.065e+06	1008.1	21	19	26	21
8.0731e+06	1009.1	21	19	26	22
8.0812e+06	1010.1	21	19	26	23
8.0893e+06	1011.2	21	19	26	24
8.0974e+06	1012.2	21	19	26	25
8.1055e+06	1013.2	21	19	26	26
8.1136e+06	1014.2	21	19	26	27
8.1217e+06	1015.2	21	19	26	28
8.1298e+06	1016.2	21	19	26	29
8.1379e+06	1017.2	21	19	26	30
8.1459e+06	1018.2	21	19	26	31
8.1541e+06	1019.3	21	19	26	32
8.1621e+06	1020.3	21	19	26	33
8.1702e+06	1021.3	21	19	26	34
8.1783e+06	1022.3	21	19	26	35
8.1864e+06	1023.3	21	19	26	36
8.1945e+06	1024.3	21	19	26	37
8.2026e+06	1025.3	21	19	26	38
8.2107e+06	1026.3	21	19	26	39
8.2188e+06	1027.3	21	19	26	40
8.2269e+06	1028.4	21	19	26	41
8.235e+06	1029.4	21	19	26	42
8.2431e+06	1030.4	21	19	26	43
8.2512e+06	1031.4	21	19	26	44
8.2593e+06	1032.4	21	19	26	45
8.2673e+06	1033.4	21	19	26	46
8.2754e+06	1034.4	21	19	26	47
8.2836e+06	1035.4	21	19	26	48
8.2916e+06	1036.5	21	19	26	49
8.2997e+06	1037.5	21	19	26	50
8.3078e+06	1038.5	21	19	26	51
8.3159e+06	1039.5	21	19	26	52
8.324e+06	1040.5	21	19	26	53
8.3321e+06	1041.5	21	19	26	54
8.3402e+06	1042.5	21	19	26	55
8.3483e+06	1043.5	21	19	26	56
8.3564e+06	1044.5	21	19	26	57
8.3645e+06	1045.6	21	19	26	58
8.3726e+06	1046.6	21	19	26	59
8.3807e+06	1047.6	21	19	27	0
8.3888e+06	1048.6	21	19	27	1
8.3968e+06	1049.6	21	19	27	2
8.405e+06	1050.6	21	19	27	3
8.413e+06	1051.6	21	19	27	4
8.4211e+06	1052.6	21	19	27	5
8.4292e+06	1053.7	21	19	27	6
0	0	21	19	27	7
0	0	21	19	27	8
8.4535e+06	1056.7	21	19	27	9
8.4616e+06	1057.7	21	19	27	10
8.4697e+06	1058.7	21	19	27	11
8.4778e+06	1059.7	21	19	27	12
8.4859e+06	1060.7	21	19	27	13
8.494e+06	1061.8	21	19	27	14
8.5021e+06	1062.8	21	19	27	15
8.5102e+06	1063.8	21	19	27	16
8.5183e+06	1064.8	21	19	27	17
8.5264e+06	1065.8	21	19	27	18
8.5345e+06	1066.8	21	19	27	19
8.5426e+06	1067.8	21	19	27	20
8.5507e+06	1068.8	21	19	27	21
8.5588e+06	1069.8	21	19	27	22
8.5669e+06	1070.9	21	19	27	23
8.575e+06	1071.9	21	19	27	24
8.5831e+06	1072.9	21	19	27	25
8.5912e+06	1073.9	21	19	27	26
8.5992e+06	1074.9	21	19	27	27
8.6073e+06	1075.9	21	22	47	28
8.6154e+06	1076.9	21	19	27	29
8.6235e+06	1077.9	21	19	27	30
8.6316e+06	1079	21	19	27	31
8.6397e+06	1080	21	19	27	32
8.6478e+06	1081	21	19	27	33
8.6559e+06	1082	21	19	27	34
8.664e+06	1083	21	19	27	35
8.6721e+06	1084	21	19	27	36
8.6802e+06	1085	21	19	27	37
8.6883e+06	1086	21	19	27	38
8.6964e+06	1087	21	19	27	39
8.7045e+06	1088.1	21	19	27	40
8.7126e+06	1089.1	21	19	27	41
8.7207e+06	1090.1	21	19	27	42
8.7288e+06	1091.1	21	19	27	43
8.7368e+06	1092.1	21	19	27	44
8.745e+06	1093.1	21	19	27	45
8.753e+06	1094.1	21	19	27	46
8.7611e+06	1095.1	21	19	27	47
8.7692e+06	1096.2	21	19	27	48
8.7773e+06	1097.2	21	19	27	49
8.7854e+06	1098.2	21	19	27	50
8.7935e+06	1099.2	21	19	27	51
8.8016e+06	1100.2	21	19	27	52
8.8097e+06	1101.2	21	19	27	53
8.8178e+06	1102.2	21	19	27	54
8.8259e+06	1103.2	21	19	27	55
8.834e+06	1104.3	21	19	27	56
8.8421e+06	1105.3	21	19	27	57
8.8502e+06	1106.3	21	19	27	58
8.8583e+06	1107.3	21	19	27	59
8.8664e+06	1108.3	21	19	28	0
8.8745e+06	1109.3	21	19	28	1
8.8826e+06	1110.3	21	19	28	2
8.8907e+06	1111.3	21	19	28	3
8.8988e+06	1112.3	21	19	28	4
8.9069e+06	1113.4	21	19	28	5
8.915e+06	1114.4	21	19	28	6
8.9231e+06	1115.4	21	19	28	7
8.9311e+06	1116.4	21	19	28	8
8.9392e+06	1117.4	21	19	28	9
8.9473e+06	1118.4	21	19	28	10
8.9554e+06	1119.4	21	19	28	11
0	0	21	19	28	12
0	0	21	19	28	13
8.9797e+06	1122.5	21	19	28	14
8.9878e+06	1123.5	21	19	28	15
8.9959e+06	1124.5	21	19	28	16
9.004e+06	1125.5	21	19	28	17
9.0121e+06	1126.5	21	19	28	18
9.0202e+06	1127.5	21	19	28	19
9.0283e+06	1128.5	21	19	28	20
9.0363e+06	1129.5	21	19	28	21
9.0444e+06	1130.6	21	19	28	22
9.0525e+06	1131.6	21	19	28	23
9.0606e+06	1132.6	21	19	28	24
9.0687e+06	1133.6	21	19	28	25
9.0768e+06	1134.6	21	19	28	26
9.0849e+06	1135.6	21	19	28	27
9.093e+06	1136.6	21	19	28	28
9.1011e+06	1137.6	21	19	28	29
9.1091e+06	1138.6	21	19	28	30
9.1172e+06	1139.7	21	19	28	31
9.1253e+06	1140.7	21	19	28	32
9.1334e+06	1141.7	21	19	28	33
9.1415e+06	1142.7	21	19	28	34
9.1496e+06	1143.7	21	19	28	35
9.1577e+06	1144.7	21	19	28	36
9.1658e+06	1145.7	21	19	28	37
9.1739e+06	1146.7	21	19	28	38
9.182e+06	1147.7	21	19	28	39
9.1901e+06	1148.8	21	19	28	40
9.1981e+06	1149.8	21	19	28	41
9.2062e+06	1150.8	21	19	28	42
9.2143e+06	1151.8	21	19	28	43
9.2224e+06	1152.8	21	19	28	44
9.2305e+06	1153.8	21	19	28	45
9.2386e+06	1154.8	21	19	28	46
9.2467e+06	1155.8	21	19	28	47
9.2548e+06	1156.8	21	19	28	48
0	0	21	19	28	49
0	0	21	19	28	50
9.2791e+06	1159.9	21	19	28	51
9.2871e+06	1160.9	21	19	28	52
9.2952e+06	1161.9	21	19	28	53
9.3033e+06	1162.9	21	19	28	54
9.3114e+06	1163.9	21	19	28	55
9.3195e+06	1164.9	21	19	28	56
9.3276e+06	1165.9	21	19	28	57
9.3357e+06	1167	21	19	28	58
9.3438e+06	1168	21	19	28	59
9.3519e+06	1169	21	19	29	0
9.3599e+06	1170	21	19	29	1
9.368e+06	1171	21	19	29	2
0	0	21	19	29	3
0	0	21	19	29	4
9.3923e+06	1174	21	19	29	5
9.4004e+06	1175	21	19	29	6
9.4085e+06	1176.1	21	19	29	7
9.4166e+06	1177.1	21	19	29	8
9.4247e+06	1178.1	21	19	29	9
9.4328e+06	1179.1	21	19	29	10
9.4409e+06	1180.1	21	19	29	11
9.4489e+06	1181.1	21	19	29	12
9.457e+06	1182.1	21	19	29	13
9.4651e+06	1183.1	21	19	29	14
9.4732e+06	1184.2	21	19	29	15
9.4813e+06	1185.2	21	19	29	16
9.4894e+06	1186.2	21	19	29	17
9.4975e+06	1187.2	21	19	29	18
9.5056e+06	1188.2	21	19	29	19
9.5137e+06	1189.2	21	19	29	20
9.5218e+06	1190.2	21	19	29	21
9.5299e+06	1191.2	21	19	29	22
9.5379e+06	1192.2	21	19	29	23
9.546e+06	1193.3	21	19	29	24
9.5541e+06	1194.3	21	19	29	25
9.5622e+06	1195.3	21	19	29	26
9.5703e+06	1196.3	21	19	29	27
9.5784e+06	1197.3	21	19	29	28
9.5865e+06	1198.3	21	19	29	29
9.5946e+06	1199.3	21	19	29	30
9.6027e+06	1200.3	21	19	29	31
9.6108e+06	1201.3	21	19	29	32
9.6189e+06	1202.4	21	19	29	33
9.6269e+06	1203.4	21	19	29	34
9.635e+06	1204.4	21	19	29	35
0	0	21	19	29	36
0	0	21	19	29	37
9.6593e+06	1207.4	21	19	29	38
9.6674e+06	1208.4	21	19	29	39
9.6755e+06	1209.4	21	19	29	40
9.6836e+06	1210.4	21	19	29	41
9.6917e+06	1211.5	21	19	29	42
9.6998e+06	1212.5	21	19	29	43
9.7079e+06	1213.5	21	19	29	44
9.716e+06	1214.5	21	19	29	45
9.7241e+06	1215.5	21	19	29	46
9.7321e+06	1216.5	21	19	29	47
9.7402e+06	1217.5	21	19	29	48
9.7483e+06	1218.5	21	19	29	49
9.7564e+06	1219.6	21	19	29	50
9.7645e+06	1220.6	21	19	29	51
9.7726e+06	1221.6	21	19	29	52
9.7807e+06	1222.6	21	19	29	53
9.7888e+06	1223.6	21	19	29	54
9.7969e+06	1224.6	21	19	29	55
9.805e+06	1225.6	21	19	29	56
9.8130e+06	1226.6	21	19	29	57
9.8211e+06	1227.6	21	19	29	58
9.8292e+06	1228.7	21	19	29	59
9.8373e+06	1229.7	21	19	30	0
9.8454e+06	1230.7	21	19	30	1
9.8535e+06	1231.7	21	19	30	2
9.8616e+06	1232.7	21	19	30	3
9.8697e+06	1233.7	21	19	30	4
9.8778e+06	1234.7	21	19	30	5
9.8859e+06	1235.7	21	19	30	6
9.894e+06	1236.7	21	19	30	7
9.9021e+06	1237.8	21	19	30	8
9.9102e+06	1238.8	21	19	30	9
9.9182e+06	1239.8	21	19	30	10
9.9263e+06	1240.8	21	19	30	11
9.9344e+06	1241.8	21	19	30	12
9.9425e+06	1242.8	21	19	30	13
9.9506e+06	1243.8	21	19	38	14
9.9587e+06	1244.8	21	19	30	15
9.9668e+06	1245.8	21	19	30	16
9.9749e+06	1246.9	21	19	30	17
9.983e+06	1247.9	21	19	30	18
9.9911e+06	1248.9	21	19	30	19
9.9992e+06	1249.9	21	19	30	20
1.0007e+07	1250.9	21	19	30	21
1.0015e+07	1251.9	21	19	30	22
1.0023e+07	1252.9	21	19	30	23
1.0032e+07	1253.9	21	19	30	24
1.004e+07	1255	21	19	30	25
1.0048e+07	1256	21	19	30	26
1.0056e+07	1257	21	19	30	27
1.0064e+07	1258	21	19	30	28
1.0072e+07	1259	21	19	30	29
1.008e+07	1260	21	19	30	30
1.0088e+07	1261	21	19	30	31
1.0096e+07	1262	21	19	30	32
1.0104e+07	1263	21	19	30	33
1.0112e+07	1264.1	21	19	30	34
1.0121e+07	1265.1	21	19	30	35
1.0129e+07	1266.1	21	19	30	36
1.0137e+07	1267.1	21	19	30	37
1.0145e+07	1268.1	21	19	30	38
1.0153e+07	1269.1	21	19	30	39
1.0161e+07	1270.1	21	19	30	40
1.0169e+07	1271.1	21	19	30	41
1.0177e+07	1272.1	21	19	30	42
1.0185e+07	1273.2	21	19	30	43
1.0193e+07	1274.2	21	19	30	44
1.0201e+07	1275.2	21	19	30	45
1.021e+07	1276.2	21	19	30	46
1.0218e+07	1277.2	21	19	30	47
1.0226e+07	1278.2	21	19	30	48
1.0234e+07	1279.2	21	19	30	49
1.0242e+07	1280.2	21	19	30	50
1.025e+07	1281.3	21	19	30	51
1.0258e+07	1282.3	21	19	30	52
1.0266e+07	1283.3	21	19	30	53
1.0274e+07	1284.3	21	19	30	54
1.0282e+07	1285.3	21	19	30	55
1.029e+07	1286.3	21	19	30	56
1.0299e+07	1287.3	21	19	30	57
1.0307e+07	1288.3	21	19	30	58
1.0315e+07	1289.3	21	19	30	59
1.0323e+07	1290.4	21	19	31	0
1.0331e+07	1291.4	21	19	31	1
1.0339e+07	1292.4	21	19	31	2
1.0347e+07	1293.4	21	19	31	3
1.0355e+07	1294.4	21	19	31	4
1.0363e+07	1295.4	21	19	31	5
1.0371e+07	1296.4	21	19	31	6
1.0379e+07	1297.4	21	19	31	7
1.0388e+07	1298.4	21	19	31	8
1.0396e+07	1299.5	21	19	31	9
1.0404e+07	1300.5	21	19	31	10
1.0412e+07	1301.5	21	19	31	11
1.042e+07	1302.5	21	19	31	12
1.0428e+07	1303.5	21	19	31	13
1.0436e+07	1304.5	21	19	31	14
1.0444e+07	1305.5	21	19	31	15
1.0452e+07	1306.5	21	19	31	16
1.046e+07	1307.5	21	19	31	17
1.0468e+07	1308.6	21	19	31	18
1.0477e+07	1309.6	21	19	31	19
1.0485e+07	1310.6	21	19	31	20
1.0493e+07	1311.6	21	19	31	21
1.0501e+07	1312.6	21	19	31	22
1.0509e+07	1313.6	21	19	31	23
1.0517e+07	1314.6	21	19	31	24
1.0525e+07	1315.6	21	19	31	25
1.0533e+07	1316.7	21	19	31	26
1.0541e+07	1317.7	21	19	31	27
1.0549e+07	1318.7	21	19	31	28
1.0558e+07	1319.7	21	19	31	29
1.0566e+07	1320.7	21	19	31	30
1.0574e+07	1321.7	21	19	31	31
1.0582e+07	1322.7	21	19	31	32
1.059e+07	1323.7	21	19	31	33
1.0598e+07	1324.7	21	19	31	34
1.0606e+07	1325.8	21	19	31	35
1.0614e+07	1326.8	21	19	31	36
1.0622e+07	1327.8	21	19	31	37
1.063e+07	1328.8	21	19	31	38
1.0638e+07	1329.8	21	19	31	39
1.0647e+07	1330.8	21	19	31	40
1.0655e+07	1331.8	21	19	31	41
1.0663e+07	1332.8	21	19	31	42
1.0671e+07	1333.8	21	19	31	43
1.0679e+07	1334.9	21	19	31	44
1.0687e+07	1335.9	21	19	31	45
1.0695e+07	1336.9	21	19	31	46
1.0703e+07	1337.9	21	19	31	47
1.0711e+07	1338.9	21	19	31	48
1.0719e+07	1339.9	21	19	31	49
1.0727e+07	1340.9	21	19	31	50
1.0736e+07	1341.9	21	19	31	51
1.0744e+07	1343	21	19	31	52
1.0752e+07	1344	21	19	31	53
1.076e+07	1345	21	19	31	54
1.0768e+07	1346	21	19	31	55
1.0776e+07	1347	21	19	31	56
1.0784e+07	1348	21	19	31	57
1.0792e+07	1349	21	19	31	58
1.08e+07	1350	21	21	31	59
1.0808e+07	1351	21	19	32	0
1.0816e+07	1352.1	21	19	32	1
1.0825e+07	1353.1	21	19	32	2
1.0833e+07	1354.1	21	19	32	3
1.0841e+07	1355.1	21	19	32	4
1.0849e+07	1356.1	21	19	32	5
1.0857e+07	1357.1	21	19	32	6
1.0865e+07	1358.1	21	19	32	7
1.0873e+07	1359.1	21	19	32	8
1.0881e+07	1360.1	21	19	32	9
1.0889e+07	1361.2	21	19	32	10
1.0897e+07	1362.2	21	19	32	11
1.0905e+07	1363.2	21	19	32	12
1.0914e+07	1364.2	21	19	32	13
1.0922e+07	1365.2	21	19	32	14
1.093e+07	1366.2	21	19	32	15
1.0938e+07	1367.2	21	19	32	16
1.0946e+07	1368.2	21	19	32	17
1.0954e+07	1369.2	21	19	32	18
1.0962e+07	1370.3	21	19	32	19
1.097e+07	1371.3	21	19	32	20
1.0978e+07	1372.3	21	19	32	21
1.0986e+07	1373.3	21	19	32	22
1.0994e+07	1374.3	21	19	32	23
1.1003e+07	1375.3	21	19	32	24
1.1011e+07	1376.3	21	19	32	25
1.1019e+07	1377.3	21	19	32	26
1.1027e+07	1378.4	21	19	32	27
1.1035e+07	1379.4	21	19	32	28
1.1043e+07	1380.4	21	19	32	29
1.1051e+07	1381.4	21	19	32	30
1.1059e+07	1382.4	21	19	32	31
1.1067e+07	1383.4	21	19	32	32
1.1075e+07	1384.4	21	19	32	33
1.1083e+07	1385.4	21	19	32	34
1.1092e+07	1386.4	21	19	32	35
1.11e+07	1387.5	21	19	32	36
1.1108e+07	1388.5	21	19	32	37
1.1116e+07	1389.5	21	19	32	38
1.1124e+07	1390.5	21	19	32	39
1.1132e+07	1391.5	21	19	32	40
1.114e+07	1392.5	21	19	32	41
1.1148e+07	1393.5	21	19	32	42
1.1156e+07	1394.5	21	19	32	43
1.1164e+07	1395.5	21	19	32	44
1.1172e+07	1396.6	21	19	32	45
1.1181e+07	1397.6	21	19	32	46
1.1189e+07	1398.6	21	19	32	47
1.1197e+07	1399.6	21	19	32	48
1.1205e+07	1400.6	21	19	32	49
1.1213e+07	1401.6	21	19	32	50
1.1221e+07	1402.6	21	19	32	51
1.1229e+07	1403.6	21	19	32	52
1.1237e+07	1404.6	21	19	32	53
1.1245e+07	1405.7	21	19	32	54
1.1253e+07	1406.7	21	19	32	55
1.1261e+07	1407.7	21	19	32	56
1.127e+07	1408.7	21	19	32	57
1.1278e+07	1409.7	21	19	32	58
1.1286e+07	1410.7	21	19	32	59
1.1294e+07	1411.7	21	19	33	0
1.1302e+07	1412.7	21	19	33	1
1.131e+07	1413.7	21	19	33	2
1.1318e+07	1414.8	21	19	33	3
1.1326e+07	1415.8	21	19	33	4
1.1334e+07	1416.8	21	19	33	5
1.1342e+07	1417.8	21	19	33	6
1.135e+07	1418.8	21	19	33	7
1.1359e+07	1419.8	21	19	33	8
1.1367e+07	1420.8	21	19	33	9
1.1375e+07	1421.8	21	19	33	10
1.1383e+07	1422.8	21	19	33	11
1.1391e+07	1423.9	21	19	33	12
1.1399e+07	1424.9	21	19	33	13
1.1407e+07	1425.9	21	19	33	14
1.1415e+07	1426.9	21	19	33	15
1.1423e+07	1427.9	21	19	33	16
1.1431e+07	1428.9	21	19	33	17
1.1439e+07	1429.9	21	19	33	18
1.1447e+07	1430.9	21	19	33	19
1.1456e+07	1431.9	21	19	33	20
1.1464e+07	1433	21	19	33	21
1.1472e+07	1434	21	19	33	22
1.148e+07	1435	21	19	33	23
1.1488e+07	1436	21	19	33	24
1.1496e+07	1437	21	19	33	25
1.1504e+07	1438	21	19	33	26
1.1512e+07	1439	21	19	33	27
1.152e+07	1440	21	19	33	28
1.1528e+07	1441	21	19	33	29
1.1536e+07	1442.1	21	19	33	30
1.1545e+07	1443.1	21	19	33	31
1.1553e+07	1444.1	21	19	33	32
1.1561e+07	1445.1	21	19	33	33
1.1569e+07	1446.1	21	19	33	34
1.1577e+07	1447.1	21	19	33	35
1.1585e+07	1448.1	21	19	33	36
1.1593e+07	1449.1	21	19	33	37
1.1601e+07	1450.2	21	19	33	38
1.1609e+07	1451.2	21	19	33	39
1.1617e+07	1452.2	21	19	33	40
1.1625e+07	1453.2	21	19	33	41
1.1634e+07	1454.2	21	19	33	42
1.1642e+07	1455.2	21	19	33	43
1.165e+07	1456.2	21	19	33	44
1.1658e+07	1457.2	21	19	33	45
1.1666e+07	1458.2	21	19	33	46
1.1674e+07	1459.3	21	19	33	47
1.1682e+07	1460.3	21	19	33	48
1.169e+07	1461.3	21	19	33	49
1.1698e+07	1462.3	21	19	33	50
1.1706e+07	1463.3	21	19	33	51
1.1714e+07	1464.3	21	19	33	52
1.1723e+07	1465.3	21	19	33	53
1.1731e+07	1466.3	21	19	33	54
1.1739e+07	1467.3	21	19	33	55
1.1747e+07	1468.3	21	19	33	56
1.1755e+07	1469.4	21	19	33	57
1.1763e+07	1470.4	21	19	33	58
1.1771e+07	1471.4	21	19	33	59
1.1779e+07	1472.4	21	19	34	0
1.1787e+07	1473.4	21	19	34	1
1.1795e+07	1474.4	21	19	34	2
1.1803e+07	1475.4	21	22	8	3
1.1812e+07	1476.4	21	19	34	4
1.182e+07	1477.5	21	19	34	5
1.1828e+07	1478.5	21	19	34	6
1.1836e+07	1479.5	21	19	34	7
1.1844e+07	1480.5	21	19	34	8
1.1852e+07	1481.5	21	19	34	9
1.186e+07	1482.5	21	19	34	10
1.1868e+07	1483.5	21	19	34	11
1.1876e+07	1484.5	21	19	34	12
1.1884e+07	1485.5	21	19	34	13
1.1892e+07	1486.6	21	19	34	14
1.1901e+07	1487.6	21	19	34	15
1.1909e+07	1488.6	21	19	34	16
1.1917e+07	1489.6	21	19	34	17
1.1925e+07	1490.6	21	19	34	18
1.1933e+07	1491.6	21	19	34	19
1.1941e+07	1492.6	21	19	34	20
1.1949e+07	1493.6	21	19	34	21
1.1957e+07	1494.6	21	19	34	22
1.1965e+07	1495.7	21	19	34	23
1.1973e+07	1496.7	21	19	34	24
1.1981e+07	1497.7	21	19	34	25
1.199e+07	1498.7	21	19	34	26
1.1998e+07	1499.7	21	19	34	27
1.2006e+07	1500.7	21	19	34	28
1.2014e+07	1501.7	21	19	34	29
1.2022e+07	1502.7	21	19	34	30
1.203e+07	1503.7	21	19	34	31
1.2038e+07	1504.8	21	19	34	32
1.2046e+07	1505.8	21	19	34	33
1.2054e+07	1506.8	21	19	34	34
1.2062e+07	1507.8	21	19	34	35
1.207e+07	1508.8	21	19	34	36
1.2079e+07	1509.8	21	19	34	37
1.2087e+07	1510.8	21	19	34	38
1.2095e+07	1511.8	21	19	34	39
1.2103e+07	1512.9	21	19	34	40
1.2111e+07	1513.9	21	19	34	41
1.2119e+07	1514.9	21	19	34	42
1.2127e+07	1515.9	21	19	34	43
1.2135e+07	1516.9	21	19	34	44
1.2143e+07	1517.9	21	19	34	45
1.2151e+07	1518.9	21	19	34	46
1.2159e+07	1519.9	21	19	34	47
1.2168e+07	1520.9	21	19	34	48
1.2176e+07	1522	21	19	34	49
1.2184e+07	1523	21	19	34	50
1.2192e+07	1524	21	19	34	51
1.22e+07	1525	21	19	34	52
1.2208e+07	1526	21	19	34	53
1.2216e+07	1527	21	19	34	54
1.2224e+07	1528	21	19	34	55
1.2232e+07	1529	21	19	34	56
1.224e+07	1530	21	19	34	57
1.2248e+07	1531.1	21	19	34	58
1.2257e+07	1532.1	21	19	34	59
1.2265e+07	1533.1	21	19	35	0
1.2273e+07	1534.1	21	19	35	1
1.2281e+07	1535.1	21	19	35	2
1.2289e+07	1536.1	21	19	35	3
1.2297e+07	1537.1	21	19	35	4
1.2305e+07	1538.1	21	19	35	5
1.2313e+07	1539.1	21	19	35	6
1.2321e+07	1540.2	21	19	35	7
1.2329e+07	1541.2	21	19	35	8
1.2337e+07	1542.2	21	19	35	9
1.2346e+07	1543.2	21	19	35	10
1.2354e+07	1544.2	21	19	35	11
1.2362e+07	1545.2	21	19	35	12
1.237e+07	1546.2	21	19	35	13
1.2378e+07	1547.2	21	19	35	14
1.2386e+07	1548.2	21	19	35	15
1.2394e+07	1549.3	21	19	35	16
1.2402e+07	1550.3	21	19	35	17
1.241e+07	1551.3	21	19	35	18
1.2418e+07	1552.3	21	19	35	19
1.2426e+07	1553.3	21	14	15	20
1.2435e+07	1554.3	21	19	35	21
1.2443e+07	1555.3	21	19	35	22
1.2451e+07	1556.3	21	19	35	23
1.2459e+07	1557.4	21	19	35	24
1.2467e+07	1558.4	21	19	35	25
1.2475e+07	1559.4	21	19	35	26
1.2483e+07	1560.4	21	19	35	27
1.2491e+07	1561.4	21	19	35	28
1.2499e+07	1562.4	21	19	35	29
1.2507e+07	1563.4	21	19	35	30
1.2515e+07	1564.4	21	19	35	31
1.2524e+07	1565.4	21	19	35	32
1.2532e+07	1566.5	21	19	35	33
1.254e+07	1567.5	21	19	35	34
1.2548e+07	1568.5	21	19	35	35
1.2556e+07	1569.5	21	19	35	36
1.2564e+07	1570.5	21	19	35	37
1.2572e+07	1571.5	21	19	35	38
1.258e+07	1572.5	21	19	35	39
1.2588e+07	1573.5	21	19	35	40
1.2596e+07	1574.5	21	19	35	41
1.2604e+07	1575.6	21	19	35	42
1.2613e+07	1576.6	21	19	35	43
1.2621e+07	1577.6	21	19	35	44
1.2629e+07	1578.6	21	19	35	45
1.2637e+07	1579.6	21	19	35	46
1.2645e+07	1580.6	21	19	35	47
1.2653e+07	1581.6	21	19	35	48
1.2661e+07	1582.6	21	19	35	49
1.2669e+07	1583.7	21	19	35	50
1.2677e+07	1584.7	21	19	35	51
1.2685e+07	1585.7	21	19	35	52
1.2693e+07	1586.7	21	19	35	53
1.2702e+07	1587.7	21	19	35	54
1.271e+07	1588.7	21	19	35	55
1.2718e+07	1589.7	21	19	35	56
1.2726e+07	1590.7	21	19	35	57
1.2734e+07	1591.7	21	19	35	58
1.2742e+07	1592.8	21	9	35	59
1.275e+07	1593.8	21	19	36	0
1.2758e+07	1594.8	21	19	36	1
1.2766e+07	1595.8	21	19	36	2
1.2774e+07	1596.8	21	19	36	3
1.2782e+07	1597.8	21	19	36	4
1.2791e+07	1598.8	21	19	36	5
1.2799e+07	1599.8	21	19	36	6
1.2807e+07	1600.8	21	19	36	7
1.2815e+07	1601.9	21	19	36	8
1.2823e+07	1602.9	21	19	36	9
1.2831e+07	1603.9	21	19	36	10
1.2839e+07	1604.9	21	19	36	11
1.2847e+07	1605.9	21	19	36	12
1.2855e+07	1606.9	21	19	36	13
1.2863e+07	1607.9	21	19	36	14
1.2871e+07	1608.9	21	19	36	15
1.288e+07	1609.9	21	19	36	16
1.2888e+07	1611	21	19	36	17
1.2896e+07	1612	21	19	36	18
1.2904e+07	1613	21	19	36	19
1.2912e+07	1614	21	19	36	20
1.292e+07	1615	21	19	36	21
1.2928e+07	1616	21	19	36	22
1.2936e+07	1617	21	19	36	23
1.2944e+07	1618	21	19	36	24
1.2952e+07	1619.1	21	19	36	25
1.2961e+07	1620.1	21	20	36	26
1.2969e+07	1621.1	21	19	36	27
1.2977e+07	1622.1	21	19	36	28
1.2985e+07	1623.1	21	19	36	29
1.2993e+07	1624.1	21	19	36	30
1.3001e+07	1625.1	21	19	36	31
1.3009e+07	1626.1	21	19	36	32
1.3017e+07	1627.1	21	19	36	33
1.3025e+07	1628.2	21	19	36	34
1.3033e+07	1629.2	21	19	36	35
1.3041e+07	1630.2	21	19	36	36
1.305e+07	1631.2	21	19	36	37
1.3058e+07	1632.2	21	19	36	38
1.3066e+07	1633.2	21	19	36	39
1.3074e+07	1634.2	21	19	36	40
1.3082e+07	1635.2	21	19	36	41
1.309e+07	1636.3	21	19	36	42
1.3098e+07	1637.3	21	19	36	43
1.3106e+07	1638.3	21	19	36	44
1.3114e+07	1639.3	21	19	36	45
1.3122e+07	1640.3	21	19	36	46
1.313e+07	1641.3	21	19	36	47
1.3139e+07	1642.3	21	19	36	48
1.3147e+07	1643.3	21	19	36	49
1.3155e+07	1644.3	21	19	36	50
1.3163e+07	1645.4	21	19	36	51
1.3171e+07	1646.4	21	19	36	52
1.3179e+07	1647.4	21	19	36	53
1.3187e+07	1648.4	21	19	36	54
1.3195e+07	1649.4	21	19	36	55
1.3203e+07	1650.4	21	19	36	56
1.3211e+07	1651.4	21	19	36	57
1.3219e+07	1652.4	21	19	36	58
1.3228e+07	1653.4	21	19	36	59
1.3236e+07	1654.5	21	19	37	0
1.3244e+07	1655.5	21	19	37	1
1.3252e+07	1656.5	21	19	37	2
1.326e+07	1657.5	21	19	37	3
1.3268e+07	1658.5	21	19	37	4
1.3276e+07	1659.5	21	19	37	5
1.3284e+07	1660.5	21	19	37	6
1.3292e+07	1661.5	21	19	37	7
1.33e+07	1662.6	21	19	37	8
1.3309e+07	1663.6	21	19	37	9
1.3317e+07	1664.6	21	19	37	10
1.3325e+07	1665.6	21	19	37	11
1.3333e+07	1666.6	21	19	37	12
1.3341e+07	1667.6	21	19	37	13
1.3349e+07	1668.6	21	19	37	14
1.3357e+07	1669.6	21	19	37	15
1.3365e+07	1670.6	21	19	37	16
1.3373e+07	1671.7	21	19	37	17
1.3381e+07	1672.7	21	19	37	18
1.3389e+07	1673.7	21	19	37	19
1.3398e+07	1674.7	21	19	37	20
1.3406e+07	1675.7	21	19	37	21
1.3414e+07	1676.7	21	19	37	22
1.3422e+07	1677.7	21	19	37	23
1.343e+07	1678.7	21	19	37	24
1.3438e+07	1679.7	21	19	37	25
1.3446e+07	1680.8	21	19	37	26
1.3454e+07	1681.8	21	19	37	27
1.3462e+07	1682.8	21	19	37	28
1.347e+07	1683.8	21	19	37	29
1.3478e+07	1684.8	21	19	37	30
1.3487e+07	1685.8	21	19	37	31
1.3495e+07	1686.8	21	19	37	32
1.3503e+07	1687.8	21	19	37	33
1.3511e+07	1688.9	21	19	37	34
1.3519e+07	1689.9	21	19	37	35
1.3527e+07	1690.9	21	19	37	36
1.3535e+07	1691.9	21	19	37	37
1.3543e+07	1692.9	21	19	37	38
1.3551e+07	1693.9	21	19	37	39
1.3559e+07	1694.9	21	19	37	40
1.3567e+07	1695.9	21	19	37	41
1.3576e+07	1696.9	21	19	37	42
1.3584e+07	1698	21	19	37	43
1.3592e+07	1699	21	19	37	44
1.36e+07	1700	21	19	37	45
1.3608e+07	1701	21	19	37	46
1.3616e+07	1702	21	19	37	47
1.3624e+07	1703	21	19	37	48
1.3632e+07	1704	21	19	37	49
1.364e+07	1705	21	19	37	50
1.3648e+07	1706	21	19	37	51
1.3656e+07	1707.1	21	19	37	52
1.3665e+07	1708.1	21	19	37	53
1.3673e+07	1709.1	21	19	37	54
1.3681e+07	1710.1	21	19	37	55
1.3689e+07	1711.1	21	19	37	56
1.3697e+07	1712.1	21	19	37	57
1.3705e+07	1713.1	21	19	37	58
1.3713e+07	1714.1	21	19	37	59
1.3721e+07	1715.1	21	19	38	0
1.3729e+07	1716.2	21	19	38	1
1.3737e+07	1717.2	21	19	38	2
1.3745e+07	1718.2	21	19	38	3
1.3754e+07	1719.2	21	19	38	4
1.3762e+07	1720.2	21	19	38	5
1.377e+07	1721.2	21	19	38	6
1.3778e+07	1722.2	21	19	38	7
1.3786e+07	1723.2	21	19	38	8
1.3794e+07	1724.2	21	19	38	9
1.3802e+07	1725.3	21	19	38	10
1.381e+07	1726.3	21	19	38	11
1.3818e+07	1727.3	21	19	38	12
1.3826e+07	1728.3	21	19	38	13
1.3834e+07	1729.3	21	19	38	14
1.3843e+07	1730.3	21	19	38	15
1.3851e+07	1731.3	21	19	38	16
1.3859e+07	1732.3	21	19	38	17
1.3867e+07	1733.4	21	19	38	18
1.3875e+07	1734.4	21	19	38	19
1.3883e+07	1735.4	21	19	38	20
1.3891e+07	1736.4	21	19	38	21
1.3899e+07	1737.4	21	19	38	22
1.3907e+07	1738.4	21	19	38	23
1.3915e+07	1739.4	21	19	38	24
1.3923e+07	1740.4	21	19	38	25
1.3932e+07	1741.4	21	19	38	26
1.394e+07	1742.5	21	19	38	27
1.3948e+07	1743.5	21	19	38	28
1.3956e+07	1744.5	21	19	38	29
1.3964e+07	1745.5	21	19	38	30
1.3972e+07	1746.5	21	19	38	31
1.398e+07	1747.5	21	19	38	32
1.3988e+07	1748.5	21	19	38	33
1.3996e+07	1749.5	21	19	38	34
1.4004e+07	1750.5	21	19	38	35
1.4012e+07	1751.6	21	19	38	36
1.4021e+07	1752.6	21	19	38	37
1.4029e+07	1753.6	21	19	38	38
1.4037e+07	1754.6	21	19	38	39
1.4045e+07	1755.6	21	19	38	40
1.4053e+07	1756.6	21	19	38	41
1.4061e+07	1757.6	21	19	38	42
1.4069e+07	1758.6	21	19	38	43
1.4077e+07	1759.6	21	9	38	44
1.4085e+07	1760.7	21	19	38	45
1.4093e+07	1761.7	21	19	38	46
1.4101e+07	1762.7	21	19	38	47
1.4109e+07	1763.7	21	19	38	48
1.4118e+07	1764.7	21	19	38	49
1.4126e+07	1765.7	21	19	38	50
1.4134e+07	1766.7	21	19	38	51
1.4142e+07	1767.7	21	19	38	52
1.415e+07	1768.7	21	19	38	53
1.4158e+07	1769.8	21	19	38	54
1.4166e+07	1770.8	21	19	38	55
1.4174e+07	1771.8	21	19	38	56
1.4182e+07	1772.8	21	19	38	57
1.419e+07	1773.8	21	19	38	58
1.4198e+07	1774.8	21	19	38	59
1.4207e+07	1775.8	21	19	39	0
1.4215e+07	1776.8	21	19	39	1
1.4223e+07	1777.8	21	19	39	2
1.4231e+07	1778.9	21	19	39	3
1.4239e+07	1779.9	21	19	39	4
1.4247e+07	1780.9	21	19	39	5
1.4255e+07	1781.9	21	19	39	6
1.4263e+07	1782.9	21	19	39	7
1.4271e+07	1783.9	21	19	39	8
1.4279e+07	1784.9	21	19	39	9
1.4287e+07	1785.9	21	19	39	10
1.4296e+07	1786.9	21	19	39	11
1.4304e+07	1788	21	19	39	12
1.4312e+07	1789	21	19	39	13
1.432e+07	1790	21	19	39	14
1.4328e+07	1791	21	19	39	15
1.4336e+07	1792	21	19	39	16
1.4344e+07	1793	21	19	39	17
1.4352e+07	1794	21	19	39	18
1.436e+07	1795	21	19	39	19
1.4368e+07	1796	21	19	39	20
1.4376e+07	1797.1	21	19	39	21
1.4385e+07	1798.1	21	19	39	22